{
    "sp10": {
        "ls_psnr_sp10_8": 46.05095845072237,
        "ls_psnr_sp10_8_p": 46.47796852045679,
        "am_psnr_sp10": 44.29342528756897,
        "og_psnr_sp10": 14.3285051437921,
        "ls_fom_sp10_8": 0.9387237380853463,
        "ls_fom_sp10_8_p": 0.9536883792816145,
        "am_fom_sp10": 0.948009788850417
    },
    "sp20": {
        "ls_psnr_sp20_8": 42.14369144699142,
        "ls_psnr_sp20_8_p": 35.440579326364556,
        "am_psnr_sp20": 35.35844961076008,
        "og_psnr_sp20": 11.281711633442683,
        "ls_fom_sp20_8": 0.9453584070690636,
        "ls_fom_sp20_8_p": 0.9436645180435216,
        "am_fom_sp20": 0.9469032050034438
    },
    "gs10": {
        "ls_psnr_gs10_8": 32.15498991326407,
        "ls_psnr_gs10_8_p": 31.488047866317217,
        "am_psnr_gs10": 31.390413754763618,
        "og_psnr_gs10": 28.892368200271488,
        "ls_fom_gs10_8": 0.5895645753182828,
        "ls_fom_gs10_8_p": 0.5602530240758617,
        "am_fom_gs10": 0.555854539466468
    },
    "gs20": {
        "ls_psnr_gs20_8": 27.087970942724017,
        "ls_psnr_gs20_8_p": 26.208108029912545,
        "am_psnr_gs20": 26.000903067549768,
        "og_psnr_gs20": 23.122630542063636,
        "ls_fom_gs20_8": 0.5400157145586131,
        "ls_fom_gs20_8_p": 0.5343307748980416,
        "am_fom_gs20": 0.5291903625229589
    },
    "gm10": {
        "ls_psnr_gm10_8": 29.042839737905524,
        "ls_psnr_gm10_8_p": 28.311152060867155,
        "am_psnr_gm10": 28.283937052740704,
        "og_psnr_gm10": 25.2499615492089,
        "ls_fom_gm10_8": 0.5392646144514412,
        "ls_fom_gm10_8_p": 0.5326582134601388,
        "am_fom_gm10": 0.5293613520948325
    },
    "gm20": {
        "ls_psnr_gm20_8": 23.456819496683618,
        "ls_psnr_gm20_8_p": 22.579424940745692,
        "am_psnr_gm20": 22.50157360720024,
        "og_psnr_gm20": 19.328501477371166,
        "ls_fom_gm20_8": 0.5255432366892483,
        "ls_fom_gm20_8_p": 0.5212153618889234,
        "am_fom_gm20": 0.5214471592564099
    }
}