{
    "sp10": {
        "ls_psnr_sp10_8": 41.77136500695305,
        "ls_psnr_sp10_8_p": 41.14558432069102,
        "am_psnr_sp10": 38.3563772068587,
        "og_psnr_sp10": 15.198311822015192,
        "ls_fom_sp10_8": 0.9417889620003748,
        "ls_fom_sp10_8_p": 0.9557418734061959,
        "am_fom_sp10": 0.9533681803230559
    },
    "sp20": {
        "ls_psnr_sp20_8": 38.424717081547584,
        "ls_psnr_sp20_8_p": 35.103766964599096,
        "am_psnr_sp20": 34.88898690049522,
        "og_psnr_sp20": 12.168154967267142,
        "ls_fom_sp20_8": 0.9352774310170446,
        "ls_fom_sp20_8_p": 0.9307129101836683,
        "am_fom_sp20": 0.9284210920383237
    },
    "gs10": {
        "ls_psnr_gs10_8": 31.16050579441234,
        "ls_psnr_gs10_8_p": 30.54380729411396,
        "am_psnr_gs10": 30.432156792222553,
        "og_psnr_gs10": 28.163322858914725,
        "ls_fom_gs10_8": 0.6873026668129182,
        "ls_fom_gs10_8_p": 0.6809865103792941,
        "am_fom_gs10": 0.6811800791300693
    },
    "gs20": {
        "ls_psnr_gs20_8": 26.078590782398315,
        "ls_psnr_gs20_8_p": 25.176247936116894,
        "am_psnr_gs20": 25.102540271969616,
        "og_psnr_gs20": 22.28916564697056,
        "ls_fom_gs20_8": 0.6757776754803322,
        "ls_fom_gs20_8_p": 0.6771251042535302,
        "am_fom_gs20": 0.6763441291400525
    },
    "gm10": {
        "ls_psnr_gm10_8": 28.74191807755326,
        "ls_psnr_gm10_8_p": 28.072671836422934,
        "am_psnr_gm10": 28.030582042827685,
        "og_psnr_gm10": 25.252575531520748,
        "ls_fom_gm10_8": 0.68581084194799,
        "ls_fom_gm10_8_p": 0.6813715064395174,
        "am_fom_gm10": 0.6803448350658486
    },
    "gm20": {
        "ls_psnr_gm20_8": 23.371927878821534,
        "ls_psnr_gm20_8_p": 22.470461717472098,
        "am_psnr_gm20": 22.46523191205762,
        "og_psnr_gm20": 19.351343666375183,
        "ls_fom_gm20_8": 0.6745820376168057,
        "ls_fom_gm20_8_p": 0.6755104838222983,
        "am_fom_gm20": 0.6749569423161769
    }
}